ID,Class,Sex,Age,Survived
1,1st,Male,Child,Yes
2,1st,Male,Child,Yes
3,1st,Male,Child,Yes
4,1st,Male,Child,Yes
5,1st,Male,Child,Yes
6,1st,Male,Adult,No
7,1st,Male,Adult,No
8,1st,Male,Adult,No
9,1st,Male,Adult,No
10,1st,Male,Adult,No
11,1st,Male,Adult,No
12,1st,Male,Adult,No
13,1st,Male,Adult,No
14,1st,Male,Adult,No
15,1st,Male,Adult,No
16,1st,Male,Adult,No
17,1st,Male,Adult,No
18,1st,Male,Adult,No
19,1st,Male,Adult,No
20,1st,Male,Adult,No
21,1st,Male,Adult,No
22,1st,Male,Adult,No
23,1st,Male,Adult,No
24,1st,Male,Adult,No
25,1st,Male,Adult,No
26,1st,Male,Adult,No
27,1st,Male,Adult,No
28,1st,Male,Adult,No
29,1st,Male,Adult,No
30,1st,Male,Adult,No
31,1st,Male,Adult,No
32,1st,Male,Adult,No
33,1st,Male,Adult,No
34,1st,Male,Adult,No
35,1st,Male,Adult,No
36,1st,Male,Adult,No
37,1st,Male,Adult,No
38,1st,Male,Adult,No
39,1st,Male,Adult,No
40,1st,Male,Adult,No
41,1st,Male,Adult,No
42,1st,Male,Adult,No
43,1st,Male,Adult,No
44,1st,Male,Adult,No
45,1st,Male,Adult,No
46,1st,Male,Adult,No
47,1st,Male,Adult,No
48,1st,Male,Adult,No
49,1st,Male,Adult,No
50,1st,Male,Adult,No
51,1st,Male,Adult,No
52,1st,Male,Adult,No
53,1st,Male,Adult,No
54,1st,Male,Adult,No
55,1st,Male,Adult,No
56,1st,Male,Adult,No
57,1st,Male,Adult,No
58,1st,Male,Adult,No
59,1st,Male,Adult,No
60,1st,Male,Adult,No
61,1st,Male,Adult,No
62,1st,Male,Adult,No
63,1st,Male,Adult,No
64,1st,Male,Adult,No
65,1st,Male,Adult,No
66,1st,Male,Adult,No
67,1st,Male,Adult,No
68,1st,Male,Adult,No
69,1st,Male,Adult,No
70,1st,Male,Adult,No
71,1st,Male,Adult,No
72,1st,Male,Adult,No
73,1st,Male,Adult,No
74,1st,Male,Adult,No
75,1st,Male,Adult,No
76,1st,Male,Adult,No
77,1st,Male,Adult,No
78,1st,Male,Adult,No
79,1st,Male,Adult,No
80,1st,Male,Adult,No
81,1st,Male,Adult,No
82,1st,Male,Adult,No
83,1st,Male,Adult,No
84,1st,Male,Adult,No
85,1st,Male,Adult,No
86,1st,Male,Adult,No
87,1st,Male,Adult,No
88,1st,Male,Adult,No
89,1st,Male,Adult,No
90,1st,Male,Adult,No
91,1st,Male,Adult,No
92,1st,Male,Adult,No
93,1st,Male,Adult,No
94,1st,Male,Adult,No
95,1st,Male,Adult,No
96,1st,Male,Adult,No
97,1st,Male,Adult,No
98,1st,Male,Adult,No
99,1st,Male,Adult,No
100,1st,Male,Adult,No
101,1st,Male,Adult,No
102,1st,Male,Adult,No
103,1st,Male,Adult,No
104,1st,Male,Adult,No
105,1st,Male,Adult,No
106,1st,Male,Adult,No
107,1st,Male,Adult,No
108,1st,Male,Adult,No
109,1st,Male,Adult,No
110,1st,Male,Adult,No
111,1st,Male,Adult,No
112,1st,Male,Adult,No
113,1st,Male,Adult,No
114,1st,Male,Adult,No
115,1st,Male,Adult,No
116,1st,Male,Adult,No
117,1st,Male,Adult,No
118,1st,Male,Adult,No
119,1st,Male,Adult,No
120,1st,Male,Adult,No
121,1st,Male,Adult,No
122,1st,Male,Adult,No
123,1st,Male,Adult,No
124,1st,Male,Adult,Yes
125,1st,Male,Adult,Yes
126,1st,Male,Adult,Yes
127,1st,Male,Adult,Yes
128,1st,Male,Adult,Yes
129,1st,Male,Adult,Yes
130,1st,Male,Adult,Yes
131,1st,Male,Adult,Yes
132,1st,Male,Adult,Yes
133,1st,Male,Adult,Yes
134,1st,Male,Adult,Yes
135,1st,Male,Adult,Yes
136,1st,Male,Adult,Yes
137,1st,Male,Adult,Yes
138,1st,Male,Adult,Yes
139,1st,Male,Adult,Yes
140,1st,Male,Adult,Yes
141,1st,Male,Adult,Yes
142,1st,Male,Adult,Yes
143,1st,Male,Adult,Yes
144,1st,Male,Adult,Yes
145,1st,Male,Adult,Yes
146,1st,Male,Adult,Yes
147,1st,Male,Adult,Yes
148,1st,Male,Adult,Yes
149,1st,Male,Adult,Yes
150,1st,Male,Adult,Yes
151,1st,Male,Adult,Yes
152,1st,Male,Adult,Yes
153,1st,Male,Adult,Yes
154,1st,Male,Adult,Yes
155,1st,Male,Adult,Yes
156,1st,Male,Adult,Yes
157,1st,Male,Adult,Yes
158,1st,Male,Adult,Yes
159,1st,Male,Adult,Yes
160,1st,Male,Adult,Yes
161,1st,Male,Adult,Yes
162,1st,Male,Adult,Yes
163,1st,Male,Adult,Yes
164,1st,Male,Adult,Yes
165,1st,Male,Adult,Yes
166,1st,Male,Adult,Yes
167,1st,Male,Adult,Yes
168,1st,Male,Adult,Yes
169,1st,Male,Adult,Yes
170,1st,Male,Adult,Yes
171,1st,Male,Adult,Yes
172,1st,Male,Adult,Yes
173,1st,Male,Adult,Yes
174,1st,Male,Adult,Yes
175,1st,Male,Adult,Yes
176,1st,Male,Adult,Yes
177,1st,Male,Adult,Yes
178,1st,Male,Adult,Yes
179,1st,Male,Adult,Yes
180,1st,Male,Adult,Yes
181,1st,Female,Child,Yes
182,1st,Female,Adult,No
183,1st,Female,Adult,No
184,1st,Female,Adult,No
185,1st,Female,Adult,No
186,1st,Female,Adult,Yes
187,1st,Female,Adult,Yes
188,1st,Female,Adult,Yes
189,1st,Female,Adult,Yes
190,1st,Female,Adult,Yes
191,1st,Female,Adult,Yes
192,1st,Female,Adult,Yes
193,1st,Female,Adult,Yes
194,1st,Female,Adult,Yes
195,1st,Female,Adult,Yes
196,1st,Female,Adult,Yes
197,1st,Female,Adult,Yes
198,1st,Female,Adult,Yes
199,1st,Female,Adult,Yes
200,1st,Female,Adult,Yes
201,1st,Female,Adult,Yes
202,1st,Female,Adult,Yes
203,1st,Female,Adult,Yes
204,1st,Female,Adult,Yes
205,1st,Female,Adult,Yes
206,1st,Female,Adult,Yes
207,1st,Female,Adult,Yes
208,1st,Female,Adult,Yes
209,1st,Female,Adult,Yes
210,1st,Female,Adult,Yes
211,1st,Female,Adult,Yes
212,1st,Female,Adult,Yes
213,1st,Female,Adult,Yes
214,1st,Female,Adult,Yes
215,1st,Female,Adult,Yes
216,1st,Female,Adult,Yes
217,1st,Female,Adult,Yes
218,1st,Female,Adult,Yes
219,1st,Female,Adult,Yes
220,1st,Female,Adult,Yes
221,1st,Female,Adult,Yes
222,1st,Female,Adult,Yes
223,1st,Female,Adult,Yes
224,1st,Female,Adult,Yes
225,1st,Female,Adult,Yes
226,1st,Female,Adult,Yes
227,1st,Female,Adult,Yes
228,1st,Female,Adult,Yes
229,1st,Female,Adult,Yes
230,1st,Female,Adult,Yes
231,1st,Female,Adult,Yes
232,1st,Female,Adult,Yes
233,1st,Female,Adult,Yes
234,1st,Female,Adult,Yes
235,1st,Female,Adult,Yes
236,1st,Female,Adult,Yes
237,1st,Female,Adult,Yes
238,1st,Female,Adult,Yes
239,1st,Female,Adult,Yes
240,1st,Female,Adult,Yes
241,1st,Female,Adult,Yes
242,1st,Female,Adult,Yes
243,1st,Female,Adult,Yes
244,1st,Female,Adult,Yes
245,1st,Female,Adult,Yes
246,1st,Female,Adult,Yes
247,1st,Female,Adult,Yes
248,1st,Female,Adult,Yes
249,1st,Female,Adult,Yes
250,1st,Female,Adult,Yes
251,1st,Female,Adult,Yes
252,1st,Female,Adult,Yes
253,1st,Female,Adult,Yes
254,1st,Female,Adult,Yes
255,1st,Female,Adult,Yes
256,1st,Female,Adult,Yes
257,1st,Female,Adult,Yes
258,1st,Female,Adult,Yes
259,1st,Female,Adult,Yes
260,1st,Female,Adult,Yes
261,1st,Female,Adult,Yes
262,1st,Female,Adult,Yes
263,1st,Female,Adult,Yes
264,1st,Female,Adult,Yes
265,1st,Female,Adult,Yes
266,1st,Female,Adult,Yes
267,1st,Female,Adult,Yes
268,1st,Female,Adult,Yes
269,1st,Female,Adult,Yes
270,1st,Female,Adult,Yes
271,1st,Female,Adult,Yes
272,1st,Female,Adult,Yes
273,1st,Female,Adult,Yes
274,1st,Female,Adult,Yes
275,1st,Female,Adult,Yes
276,1st,Female,Adult,Yes
277,1st,Female,Adult,Yes
278,1st,Female,Adult,Yes
279,1st,Female,Adult,Yes
280,1st,Female,Adult,Yes
281,1st,Female,Adult,Yes
282,1st,Female,Adult,Yes
283,1st,Female,Adult,Yes
284,1st,Female,Adult,Yes
285,1st,Female,Adult,Yes
286,1st,Female,Adult,Yes
287,1st,Female,Adult,Yes
288,1st,Female,Adult,Yes
289,1st,Female,Adult,Yes
290,1st,Female,Adult,Yes
291,1st,Female,Adult,Yes
292,1st,Female,Adult,Yes
293,1st,Female,Adult,Yes
294,1st,Female,Adult,Yes
295,1st,Female,Adult,Yes
296,1st,Female,Adult,Yes
297,1st,Female,Adult,Yes
298,1st,Female,Adult,Yes
299,1st,Female,Adult,Yes
300,1st,Female,Adult,Yes
301,1st,Female,Adult,Yes
302,1st,Female,Adult,Yes
303,1st,Female,Adult,Yes
304,1st,Female,Adult,Yes
305,1st,Female,Adult,Yes
306,1st,Female,Adult,Yes
307,1st,Female,Adult,Yes
308,1st,Female,Adult,Yes
309,1st,Female,Adult,Yes
310,1st,Female,Adult,Yes
311,1st,Female,Adult,Yes
312,1st,Female,Adult,Yes
313,1st,Female,Adult,Yes
314,1st,Female,Adult,Yes
315,1st,Female,Adult,Yes
316,1st,Female,Adult,Yes
317,1st,Female,Adult,Yes
318,1st,Female,Adult,Yes
319,1st,Female,Adult,Yes
320,1st,Female,Adult,Yes
321,1st,Female,Adult,Yes
322,1st,Female,Adult,Yes
323,1st,Female,Adult,Yes
324,1st,Female,Adult,Yes
325,1st,Female,Adult,Yes
326,2nd,Male,Child,Yes
327,2nd,Male,Child,Yes
328,2nd,Male,Child,Yes
329,2nd,Male,Child,Yes
330,2nd,Male,Child,Yes
331,2nd,Male,Child,Yes
332,2nd,Male,Child,Yes
333,2nd,Male,Child,Yes
334,2nd,Male,Child,Yes
335,2nd,Male,Child,Yes
336,2nd,Male,Child,Yes
337,2nd,Male,Adult,No
338,2nd,Male,Adult,No
339,2nd,Male,Adult,No
340,2nd,Male,Adult,No
341,2nd,Male,Adult,No
342,2nd,Male,Adult,No
343,2nd,Male,Adult,No
344,2nd,Male,Adult,No
345,2nd,Male,Adult,No
346,2nd,Male,Adult,No
347,2nd,Male,Adult,No
348,2nd,Male,Adult,No
349,2nd,Male,Adult,No
350,2nd,Male,Adult,No
351,2nd,Male,Adult,No
352,2nd,Male,Adult,No
353,2nd,Male,Adult,No
354,2nd,Male,Adult,No
355,2nd,Male,Adult,No
356,2nd,Male,Adult,No
357,2nd,Male,Adult,No
358,2nd,Male,Adult,No
359,2nd,Male,Adult,No
360,2nd,Male,Adult,No
361,2nd,Male,Adult,No
362,2nd,Male,Adult,No
363,2nd,Male,Adult,No
364,2nd,Male,Adult,No
365,2nd,Male,Adult,No
366,2nd,Male,Adult,No
367,2nd,Male,Adult,No
368,2nd,Male,Adult,No
369,2nd,Male,Adult,No
370,2nd,Male,Adult,No
371,2nd,Male,Adult,No
372,2nd,Male,Adult,No
373,2nd,Male,Adult,No
374,2nd,Male,Adult,No
375,2nd,Male,Adult,No
376,2nd,Male,Adult,No
377,2nd,Male,Adult,No
378,2nd,Male,Adult,No
379,2nd,Male,Adult,No
380,2nd,Male,Adult,No
381,2nd,Male,Adult,No
382,2nd,Male,Adult,No
383,2nd,Male,Adult,No
384,2nd,Male,Adult,No
385,2nd,Male,Adult,No
386,2nd,Male,Adult,No
387,2nd,Male,Adult,No
388,2nd,Male,Adult,No
389,2nd,Male,Adult,No
390,2nd,Male,Adult,No
391,2nd,Male,Adult,No
392,2nd,Male,Adult,No
393,2nd,Male,Adult,No
394,2nd,Male,Adult,No
395,2nd,Male,Adult,No
396,2nd,Male,Adult,No
397,2nd,Male,Adult,No
398,2nd,Male,Adult,No
399,2nd,Male,Adult,No
400,2nd,Male,Adult,No
401,2nd,Male,Adult,No
402,2nd,Male,Adult,No
403,2nd,Male,Adult,No
404,2nd,Male,Adult,No
405,2nd,Male,Adult,No
406,2nd,Male,Adult,No
407,2nd,Male,Adult,No
408,2nd,Male,Adult,No
409,2nd,Male,Adult,No
410,2nd,Male,Adult,No
411,2nd,Male,Adult,No
412,2nd,Male,Adult,No
413,2nd,Male,Adult,No
414,2nd,Male,Adult,No
415,2nd,Male,Adult,No
416,2nd,Male,Adult,No
417,2nd,Male,Adult,No
418,2nd,Male,Adult,No
419,2nd,Male,Adult,No
420,2nd,Male,Adult,No
421,2nd,Male,Adult,No
422,2nd,Male,Adult,No
423,2nd,Male,Adult,No
424,2nd,Male,Adult,No
425,2nd,Male,Adult,No
426,2nd,Male,Adult,No
427,2nd,Male,Adult,No
428,2nd,Male,Adult,No
429,2nd,Male,Adult,No
430,2nd,Male,Adult,No
431,2nd,Male,Adult,No
432,2nd,Male,Adult,No
433,2nd,Male,Adult,No
434,2nd,Male,Adult,No
435,2nd,Male,Adult,No
436,2nd,Male,Adult,No
437,2nd,Male,Adult,No
438,2nd,Male,Adult,No
439,2nd,Male,Adult,No
440,2nd,Male,Adult,No
441,2nd,Male,Adult,No
442,2nd,Male,Adult,No
443,2nd,Male,Adult,No
444,2nd,Male,Adult,No
445,2nd,Male,Adult,No
446,2nd,Male,Adult,No
447,2nd,Male,Adult,No
448,2nd,Male,Adult,No
449,2nd,Male,Adult,No
450,2nd,Male,Adult,No
451,2nd,Male,Adult,No
452,2nd,Male,Adult,No
453,2nd,Male,Adult,No
454,2nd,Male,Adult,No
455,2nd,Male,Adult,No
456,2nd,Male,Adult,No
457,2nd,Male,Adult,No
458,2nd,Male,Adult,No
459,2nd,Male,Adult,No
460,2nd,Male,Adult,No
461,2nd,Male,Adult,No
462,2nd,Male,Adult,No
463,2nd,Male,Adult,No
464,2nd,Male,Adult,No
465,2nd,Male,Adult,No
466,2nd,Male,Adult,No
467,2nd,Male,Adult,No
468,2nd,Male,Adult,No
469,2nd,Male,Adult,No
470,2nd,Male,Adult,No
471,2nd,Male,Adult,No
472,2nd,Male,Adult,No
473,2nd,Male,Adult,No
474,2nd,Male,Adult,No
475,2nd,Male,Adult,No
476,2nd,Male,Adult,No
477,2nd,Male,Adult,No
478,2nd,Male,Adult,No
479,2nd,Male,Adult,No
480,2nd,Male,Adult,No
481,2nd,Male,Adult,No
482,2nd,Male,Adult,No
483,2nd,Male,Adult,No
484,2nd,Male,Adult,No
485,2nd,Male,Adult,No
486,2nd,Male,Adult,No
487,2nd,Male,Adult,No
488,2nd,Male,Adult,No
489,2nd,Male,Adult,No
490,2nd,Male,Adult,No
491,2nd,Male,Adult,Yes
492,2nd,Male,Adult,Yes
493,2nd,Male,Adult,Yes
494,2nd,Male,Adult,Yes
495,2nd,Male,Adult,Yes
496,2nd,Male,Adult,Yes
497,2nd,Male,Adult,Yes
498,2nd,Male,Adult,Yes
499,2nd,Male,Adult,Yes
500,2nd,Male,Adult,Yes
501,2nd,Male,Adult,Yes
502,2nd,Male,Adult,Yes
503,2nd,Male,Adult,Yes
504,2nd,Male,Adult,Yes
505,2nd,Female,Child,Yes
506,2nd,Female,Child,Yes
507,2nd,Female,Child,Yes
508,2nd,Female,Child,Yes
509,2nd,Female,Child,Yes
510,2nd,Female,Child,Yes
511,2nd,Female,Child,Yes
512,2nd,Female,Child,Yes
513,2nd,Female,Child,Yes
514,2nd,Female,Child,Yes
515,2nd,Female,Child,Yes
516,2nd,Female,Child,Yes
517,2nd,Female,Child,Yes
518,2nd,Female,Adult,No
519,2nd,Female,Adult,No
520,2nd,Female,Adult,No
521,2nd,Female,Adult,No
522,2nd,Female,Adult,No
523,2nd,Female,Adult,No
524,2nd,Female,Adult,No
525,2nd,Female,Adult,No
526,2nd,Female,Adult,No
527,2nd,Female,Adult,No
528,2nd,Female,Adult,No
529,2nd,Female,Adult,No
530,2nd,Female,Adult,No
531,2nd,Female,Adult,Yes
532,2nd,Female,Adult,Yes
533,2nd,Female,Adult,Yes
534,2nd,Female,Adult,Yes
535,2nd,Female,Adult,Yes
536,2nd,Female,Adult,Yes
537,2nd,Female,Adult,Yes
538,2nd,Female,Adult,Yes
539,2nd,Female,Adult,Yes
540,2nd,Female,Adult,Yes
541,2nd,Female,Adult,Yes
542,2nd,Female,Adult,Yes
543,2nd,Female,Adult,Yes
544,2nd,Female,Adult,Yes
545,2nd,Female,Adult,Yes
546,2nd,Female,Adult,Yes
547,2nd,Female,Adult,Yes
548,2nd,Female,Adult,Yes
549,2nd,Female,Adult,Yes
550,2nd,Female,Adult,Yes
551,2nd,Female,Adult,Yes
552,2nd,Female,Adult,Yes
553,2nd,Female,Adult,Yes
554,2nd,Female,Adult,Yes
555,2nd,Female,Adult,Yes
556,2nd,Female,Adult,Yes
557,2nd,Female,Adult,Yes
558,2nd,Female,Adult,Yes
559,2nd,Female,Adult,Yes
560,2nd,Female,Adult,Yes
561,2nd,Female,Adult,Yes
562,2nd,Female,Adult,Yes
563,2nd,Female,Adult,Yes
564,2nd,Female,Adult,Yes
565,2nd,Female,Adult,Yes
566,2nd,Female,Adult,Yes
567,2nd,Female,Adult,Yes
568,2nd,Female,Adult,Yes
569,2nd,Female,Adult,Yes
570,2nd,Female,Adult,Yes
571,2nd,Female,Adult,Yes
572,2nd,Female,Adult,Yes
573,2nd,Female,Adult,Yes
574,2nd,Female,Adult,Yes
575,2nd,Female,Adult,Yes
576,2nd,Female,Adult,Yes
577,2nd,Female,Adult,Yes
578,2nd,Female,Adult,Yes
579,2nd,Female,Adult,Yes
580,2nd,Female,Adult,Yes
581,2nd,Female,Adult,Yes
582,2nd,Female,Adult,Yes
583,2nd,Female,Adult,Yes
584,2nd,Female,Adult,Yes
585,2nd,Female,Adult,Yes
586,2nd,Female,Adult,Yes
587,2nd,Female,Adult,Yes
588,2nd,Female,Adult,Yes
589,2nd,Female,Adult,Yes
590,2nd,Female,Adult,Yes
591,2nd,Female,Adult,Yes
592,2nd,Female,Adult,Yes
593,2nd,Female,Adult,Yes
594,2nd,Female,Adult,Yes
595,2nd,Female,Adult,Yes
596,2nd,Female,Adult,Yes
597,2nd,Female,Adult,Yes
598,2nd,Female,Adult,Yes
599,2nd,Female,Adult,Yes
600,2nd,Female,Adult,Yes
601,2nd,Female,Adult,Yes
602,2nd,Female,Adult,Yes
603,2nd,Female,Adult,Yes
604,2nd,Female,Adult,Yes
605,2nd,Female,Adult,Yes
606,2nd,Female,Adult,Yes
607,2nd,Female,Adult,Yes
608,2nd,Female,Adult,Yes
609,2nd,Female,Adult,Yes
610,2nd,Female,Adult,Yes
611,3rd,Male,Child,No
612,3rd,Male,Child,No
613,3rd,Male,Child,No
614,3rd,Male,Child,No
615,3rd,Male,Child,No
616,3rd,Male,Child,No
617,3rd,Male,Child,No
618,3rd,Male,Child,No
619,3rd,Male,Child,No
620,3rd,Male,Child,No
621,3rd,Male,Child,No
622,3rd,Male,Child,No
623,3rd,Male,Child,No
624,3rd,Male,Child,No
625,3rd,Male,Child,No
626,3rd,Male,Child,No
627,3rd,Male,Child,No
628,3rd,Male,Child,No
629,3rd,Male,Child,No
630,3rd,Male,Child,No
631,3rd,Male,Child,No
632,3rd,Male,Child,No
633,3rd,Male,Child,No
634,3rd,Male,Child,No
635,3rd,Male,Child,No
636,3rd,Male,Child,No
637,3rd,Male,Child,No
638,3rd,Male,Child,No
639,3rd,Male,Child,No
640,3rd,Male,Child,No
641,3rd,Male,Child,No
642,3rd,Male,Child,No
643,3rd,Male,Child,No
644,3rd,Male,Child,No
645,3rd,Male,Child,No
646,3rd,Male,Child,Yes
647,3rd,Male,Child,Yes
648,3rd,Male,Child,Yes
649,3rd,Male,Child,Yes
650,3rd,Male,Child,Yes
651,3rd,Male,Child,Yes
652,3rd,Male,Child,Yes
653,3rd,Male,Child,Yes
654,3rd,Male,Child,Yes
655,3rd,Male,Child,Yes
656,3rd,Male,Child,Yes
657,3rd,Male,Child,Yes
658,3rd,Male,Child,Yes
659,3rd,Male,Adult,No
660,3rd,Male,Adult,No
661,3rd,Male,Adult,No
662,3rd,Male,Adult,No
663,3rd,Male,Adult,No
664,3rd,Male,Adult,No
665,3rd,Male,Adult,No
666,3rd,Male,Adult,No
667,3rd,Male,Adult,No
668,3rd,Male,Adult,No
669,3rd,Male,Adult,No
670,3rd,Male,Adult,No
671,3rd,Male,Adult,No
672,3rd,Male,Adult,No
673,3rd,Male,Adult,No
674,3rd,Male,Adult,No
675,3rd,Male,Adult,No
676,3rd,Male,Adult,No
677,3rd,Male,Adult,No
678,3rd,Male,Adult,No
679,3rd,Male,Adult,No
680,3rd,Male,Adult,No
681,3rd,Male,Adult,No
682,3rd,Male,Adult,No
683,3rd,Male,Adult,No
684,3rd,Male,Adult,No
685,3rd,Male,Adult,No
686,3rd,Male,Adult,No
687,3rd,Male,Adult,No
688,3rd,Male,Adult,No
689,3rd,Male,Adult,No
690,3rd,Male,Adult,No
691,3rd,Male,Adult,No
692,3rd,Male,Adult,No
693,3rd,Male,Adult,No
694,3rd,Male,Adult,No
695,3rd,Male,Adult,No
696,3rd,Male,Adult,No
697,3rd,Male,Adult,No
698,3rd,Male,Adult,No
699,3rd,Male,Adult,No
700,3rd,Male,Adult,No
701,3rd,Male,Adult,No
702,3rd,Male,Adult,No
703,3rd,Male,Adult,No
704,3rd,Male,Adult,No
705,3rd,Male,Adult,No
706,3rd,Male,Adult,No
707,3rd,Male,Adult,No
708,3rd,Male,Adult,No
709,3rd,Male,Adult,No
710,3rd,Male,Adult,No
711,3rd,Male,Adult,No
712,3rd,Male,Adult,No
713,3rd,Male,Adult,No
714,3rd,Male,Adult,No
715,3rd,Male,Adult,No
716,3rd,Male,Adult,No
717,3rd,Male,Adult,No
718,3rd,Male,Adult,No
719,3rd,Male,Adult,No
720,3rd,Male,Adult,No
721,3rd,Male,Adult,No
722,3rd,Male,Adult,No
723,3rd,Male,Adult,No
724,3rd,Male,Adult,No
725,3rd,Male,Adult,No
726,3rd,Male,Adult,No
727,3rd,Male,Adult,No
728,3rd,Male,Adult,No
729,3rd,Male,Adult,No
730,3rd,Male,Adult,No
731,3rd,Male,Adult,No
732,3rd,Male,Adult,No
733,3rd,Male,Adult,No
734,3rd,Male,Adult,No
735,3rd,Male,Adult,No
736,3rd,Male,Adult,No
737,3rd,Male,Adult,No
738,3rd,Male,Adult,No
739,3rd,Male,Adult,No
740,3rd,Male,Adult,No
741,3rd,Male,Adult,No
742,3rd,Male,Adult,No
743,3rd,Male,Adult,No
744,3rd,Male,Adult,No
745,3rd,Male,Adult,No
746,3rd,Male,Adult,No
747,3rd,Male,Adult,No
748,3rd,Male,Adult,No
749,3rd,Male,Adult,No
750,3rd,Male,Adult,No
751,3rd,Male,Adult,No
752,3rd,Male,Adult,No
753,3rd,Male,Adult,No
754,3rd,Male,Adult,No
755,3rd,Male,Adult,No
756,3rd,Male,Adult,No
757,3rd,Male,Adult,No
758,3rd,Male,Adult,No
759,3rd,Male,Adult,No
760,3rd,Male,Adult,No
761,3rd,Male,Adult,No
762,3rd,Male,Adult,No
763,3rd,Male,Adult,No
764,3rd,Male,Adult,No
765,3rd,Male,Adult,No
766,3rd,Male,Adult,No
767,3rd,Male,Adult,No
768,3rd,Male,Adult,No
769,3rd,Male,Adult,No
770,3rd,Male,Adult,No
771,3rd,Male,Adult,No
772,3rd,Male,Adult,No
773,3rd,Male,Adult,No
774,3rd,Male,Adult,No
775,3rd,Male,Adult,No
776,3rd,Male,Adult,No
777,3rd,Male,Adult,No
778,3rd,Male,Adult,No
779,3rd,Male,Adult,No
780,3rd,Male,Adult,No
781,3rd,Male,Adult,No
782,3rd,Male,Adult,No
783,3rd,Male,Adult,No
784,3rd,Male,Adult,No
785,3rd,Male,Adult,No
786,3rd,Male,Adult,No
787,3rd,Male,Adult,No
788,3rd,Male,Adult,No
789,3rd,Male,Adult,No
790,3rd,Male,Adult,No
791,3rd,Male,Adult,No
792,3rd,Male,Adult,No
793,3rd,Male,Adult,No
794,3rd,Male,Adult,No
795,3rd,Male,Adult,No
796,3rd,Male,Adult,No
797,3rd,Male,Adult,No
798,3rd,Male,Adult,No
799,3rd,Male,Adult,No
800,3rd,Male,Adult,No
801,3rd,Male,Adult,No
802,3rd,Male,Adult,No
803,3rd,Male,Adult,No
804,3rd,Male,Adult,No
805,3rd,Male,Adult,No
806,3rd,Male,Adult,No
807,3rd,Male,Adult,No
808,3rd,Male,Adult,No
809,3rd,Male,Adult,No
810,3rd,Male,Adult,No
811,3rd,Male,Adult,No
812,3rd,Male,Adult,No
813,3rd,Male,Adult,No
814,3rd,Male,Adult,No
815,3rd,Male,Adult,No
816,3rd,Male,Adult,No
817,3rd,Male,Adult,No
818,3rd,Male,Adult,No
819,3rd,Male,Adult,No
820,3rd,Male,Adult,No
821,3rd,Male,Adult,No
822,3rd,Male,Adult,No
823,3rd,Male,Adult,No
824,3rd,Male,Adult,No
825,3rd,Male,Adult,No
826,3rd,Male,Adult,No
827,3rd,Male,Adult,No
828,3rd,Male,Adult,No
829,3rd,Male,Adult,No
830,3rd,Male,Adult,No
831,3rd,Male,Adult,No
832,3rd,Male,Adult,No
833,3rd,Male,Adult,No
834,3rd,Male,Adult,No
835,3rd,Male,Adult,No
836,3rd,Male,Adult,No
837,3rd,Male,Adult,No
838,3rd,Male,Adult,No
839,3rd,Male,Adult,No
840,3rd,Male,Adult,No
841,3rd,Male,Adult,No
842,3rd,Male,Adult,No
843,3rd,Male,Adult,No
844,3rd,Male,Adult,No
845,3rd,Male,Adult,No
846,3rd,Male,Adult,No
847,3rd,Male,Adult,No
848,3rd,Male,Adult,No
849,3rd,Male,Adult,No
850,3rd,Male,Adult,No
851,3rd,Male,Adult,No
852,3rd,Male,Adult,No
853,3rd,Male,Adult,No
854,3rd,Male,Adult,No
855,3rd,Male,Adult,No
856,3rd,Male,Adult,No
857,3rd,Male,Adult,No
858,3rd,Male,Adult,No
859,3rd,Male,Adult,No
860,3rd,Male,Adult,No
861,3rd,Male,Adult,No
862,3rd,Male,Adult,No
863,3rd,Male,Adult,No
864,3rd,Male,Adult,No
865,3rd,Male,Adult,No
866,3rd,Male,Adult,No
867,3rd,Male,Adult,No
868,3rd,Male,Adult,No
869,3rd,Male,Adult,No
870,3rd,Male,Adult,No
871,3rd,Male,Adult,No
872,3rd,Male,Adult,No
873,3rd,Male,Adult,No
874,3rd,Male,Adult,No
875,3rd,Male,Adult,No
876,3rd,Male,Adult,No
877,3rd,Male,Adult,No
878,3rd,Male,Adult,No
879,3rd,Male,Adult,No
880,3rd,Male,Adult,No
881,3rd,Male,Adult,No
882,3rd,Male,Adult,No
883,3rd,Male,Adult,No
884,3rd,Male,Adult,No
885,3rd,Male,Adult,No
886,3rd,Male,Adult,No
887,3rd,Male,Adult,No
888,3rd,Male,Adult,No
889,3rd,Male,Adult,No
890,3rd,Male,Adult,No
891,3rd,Male,Adult,No
892,3rd,Male,Adult,No
893,3rd,Male,Adult,No
894,3rd,Male,Adult,No
895,3rd,Male,Adult,No
896,3rd,Male,Adult,No
897,3rd,Male,Adult,No
898,3rd,Male,Adult,No
899,3rd,Male,Adult,No
900,3rd,Male,Adult,No
901,3rd,Male,Adult,No
902,3rd,Male,Adult,No
903,3rd,Male,Adult,No
904,3rd,Male,Adult,No
905,3rd,Male,Adult,No
906,3rd,Male,Adult,No
907,3rd,Male,Adult,No
908,3rd,Male,Adult,No
909,3rd,Male,Adult,No
910,3rd,Male,Adult,No
911,3rd,Male,Adult,No
912,3rd,Male,Adult,No
913,3rd,Male,Adult,No
914,3rd,Male,Adult,No
915,3rd,Male,Adult,No
916,3rd,Male,Adult,No
917,3rd,Male,Adult,No
918,3rd,Male,Adult,No
919,3rd,Male,Adult,No
920,3rd,Male,Adult,No
921,3rd,Male,Adult,No
922,3rd,Male,Adult,No
923,3rd,Male,Adult,No
924,3rd,Male,Adult,No
925,3rd,Male,Adult,No
926,3rd,Male,Adult,No
927,3rd,Male,Adult,No
928,3rd,Male,Adult,No
929,3rd,Male,Adult,No
930,3rd,Male,Adult,No
931,3rd,Male,Adult,No
932,3rd,Male,Adult,No
933,3rd,Male,Adult,No
934,3rd,Male,Adult,No
935,3rd,Male,Adult,No
936,3rd,Male,Adult,No
937,3rd,Male,Adult,No
938,3rd,Male,Adult,No
939,3rd,Male,Adult,No
940,3rd,Male,Adult,No
941,3rd,Male,Adult,No
942,3rd,Male,Adult,No
943,3rd,Male,Adult,No
944,3rd,Male,Adult,No
945,3rd,Male,Adult,No
946,3rd,Male,Adult,No
947,3rd,Male,Adult,No
948,3rd,Male,Adult,No
949,3rd,Male,Adult,No
950,3rd,Male,Adult,No
951,3rd,Male,Adult,No
952,3rd,Male,Adult,No
953,3rd,Male,Adult,No
954,3rd,Male,Adult,No
955,3rd,Male,Adult,No
956,3rd,Male,Adult,No
957,3rd,Male,Adult,No
958,3rd,Male,Adult,No
959,3rd,Male,Adult,No
960,3rd,Male,Adult,No
961,3rd,Male,Adult,No
962,3rd,Male,Adult,No
963,3rd,Male,Adult,No
964,3rd,Male,Adult,No
965,3rd,Male,Adult,No
966,3rd,Male,Adult,No
967,3rd,Male,Adult,No
968,3rd,Male,Adult,No
969,3rd,Male,Adult,No
970,3rd,Male,Adult,No
971,3rd,Male,Adult,No
972,3rd,Male,Adult,No
973,3rd,Male,Adult,No
974,3rd,Male,Adult,No
975,3rd,Male,Adult,No
976,3rd,Male,Adult,No
977,3rd,Male,Adult,No
978,3rd,Male,Adult,No
979,3rd,Male,Adult,No
980,3rd,Male,Adult,No
981,3rd,Male,Adult,No
982,3rd,Male,Adult,No
983,3rd,Male,Adult,No
984,3rd,Male,Adult,No
985,3rd,Male,Adult,No
986,3rd,Male,Adult,No
987,3rd,Male,Adult,No
988,3rd,Male,Adult,No
989,3rd,Male,Adult,No
990,3rd,Male,Adult,No
991,3rd,Male,Adult,No
992,3rd,Male,Adult,No
993,3rd,Male,Adult,No
994,3rd,Male,Adult,No
995,3rd,Male,Adult,No
996,3rd,Male,Adult,No
997,3rd,Male,Adult,No
998,3rd,Male,Adult,No
999,3rd,Male,Adult,No
1000,3rd,Male,Adult,No
1001,3rd,Male,Adult,No
1002,3rd,Male,Adult,No
1003,3rd,Male,Adult,No
1004,3rd,Male,Adult,No
1005,3rd,Male,Adult,No
1006,3rd,Male,Adult,No
1007,3rd,Male,Adult,No
1008,3rd,Male,Adult,No
1009,3rd,Male,Adult,No
1010,3rd,Male,Adult,No
1011,3rd,Male,Adult,No
1012,3rd,Male,Adult,No
1013,3rd,Male,Adult,No
1014,3rd,Male,Adult,No
1015,3rd,Male,Adult,No
1016,3rd,Male,Adult,No
1017,3rd,Male,Adult,No
1018,3rd,Male,Adult,No
1019,3rd,Male,Adult,No
1020,3rd,Male,Adult,No
1021,3rd,Male,Adult,No
1022,3rd,Male,Adult,No
1023,3rd,Male,Adult,No
1024,3rd,Male,Adult,No
1025,3rd,Male,Adult,No
1026,3rd,Male,Adult,No
1027,3rd,Male,Adult,No
1028,3rd,Male,Adult,No
1029,3rd,Male,Adult,No
1030,3rd,Male,Adult,No
1031,3rd,Male,Adult,No
1032,3rd,Male,Adult,No
1033,3rd,Male,Adult,No
1034,3rd,Male,Adult,No
1035,3rd,Male,Adult,No
1036,3rd,Male,Adult,No
1037,3rd,Male,Adult,No
1038,3rd,Male,Adult,No
1039,3rd,Male,Adult,No
1040,3rd,Male,Adult,No
1041,3rd,Male,Adult,No
1042,3rd,Male,Adult,No
1043,3rd,Male,Adult,No
1044,3rd,Male,Adult,No
1045,3rd,Male,Adult,No
1046,3rd,Male,Adult,Yes
1047,3rd,Male,Adult,Yes
1048,3rd,Male,Adult,Yes
1049,3rd,Male,Adult,Yes
1050,3rd,Male,Adult,Yes
1051,3rd,Male,Adult,Yes
1052,3rd,Male,Adult,Yes
1053,3rd,Male,Adult,Yes
1054,3rd,Male,Adult,Yes
1055,3rd,Male,Adult,Yes
1056,3rd,Male,Adult,Yes
1057,3rd,Male,Adult,Yes
1058,3rd,Male,Adult,Yes
1059,3rd,Male,Adult,Yes
1060,3rd,Male,Adult,Yes
1061,3rd,Male,Adult,Yes
1062,3rd,Male,Adult,Yes
1063,3rd,Male,Adult,Yes
1064,3rd,Male,Adult,Yes
1065,3rd,Male,Adult,Yes
1066,3rd,Male,Adult,Yes
1067,3rd,Male,Adult,Yes
1068,3rd,Male,Adult,Yes
1069,3rd,Male,Adult,Yes
1070,3rd,Male,Adult,Yes
1071,3rd,Male,Adult,Yes
1072,3rd,Male,Adult,Yes
1073,3rd,Male,Adult,Yes
1074,3rd,Male,Adult,Yes
1075,3rd,Male,Adult,Yes
1076,3rd,Male,Adult,Yes
1077,3rd,Male,Adult,Yes
1078,3rd,Male,Adult,Yes
1079,3rd,Male,Adult,Yes
1080,3rd,Male,Adult,Yes
1081,3rd,Male,Adult,Yes
1082,3rd,Male,Adult,Yes
1083,3rd,Male,Adult,Yes
1084,3rd,Male,Adult,Yes
1085,3rd,Male,Adult,Yes
1086,3rd,Male,Adult,Yes
1087,3rd,Male,Adult,Yes
1088,3rd,Male,Adult,Yes
1089,3rd,Male,Adult,Yes
1090,3rd,Male,Adult,Yes
1091,3rd,Male,Adult,Yes
1092,3rd,Male,Adult,Yes
1093,3rd,Male,Adult,Yes
1094,3rd,Male,Adult,Yes
1095,3rd,Male,Adult,Yes
1096,3rd,Male,Adult,Yes
1097,3rd,Male,Adult,Yes
1098,3rd,Male,Adult,Yes
1099,3rd,Male,Adult,Yes
1100,3rd,Male,Adult,Yes
1101,3rd,Male,Adult,Yes
1102,3rd,Male,Adult,Yes
1103,3rd,Male,Adult,Yes
1104,3rd,Male,Adult,Yes
1105,3rd,Male,Adult,Yes
1106,3rd,Male,Adult,Yes
1107,3rd,Male,Adult,Yes
1108,3rd,Male,Adult,Yes
1109,3rd,Male,Adult,Yes
1110,3rd,Male,Adult,Yes
1111,3rd,Male,Adult,Yes
1112,3rd,Male,Adult,Yes
1113,3rd,Male,Adult,Yes
1114,3rd,Male,Adult,Yes
1115,3rd,Male,Adult,Yes
1116,3rd,Male,Adult,Yes
1117,3rd,Male,Adult,Yes
1118,3rd,Male,Adult,Yes
1119,3rd,Male,Adult,Yes
1120,3rd,Male,Adult,Yes
1121,3rd,Female,Child,No
1122,3rd,Female,Child,No
1123,3rd,Female,Child,No
1124,3rd,Female,Child,No
1125,3rd,Female,Child,No
1126,3rd,Female,Child,No
1127,3rd,Female,Child,No
1128,3rd,Female,Child,No
1129,3rd,Female,Child,No
1130,3rd,Female,Child,No
1131,3rd,Female,Child,No
1132,3rd,Female,Child,No
1133,3rd,Female,Child,No
1134,3rd,Female,Child,No
1135,3rd,Female,Child,No
1136,3rd,Female,Child,No
1137,3rd,Female,Child,No
1138,3rd,Female,Child,Yes
1139,3rd,Female,Child,Yes
1140,3rd,Female,Child,Yes
1141,3rd,Female,Child,Yes
1142,3rd,Female,Child,Yes
1143,3rd,Female,Child,Yes
1144,3rd,Female,Child,Yes
1145,3rd,Female,Child,Yes
1146,3rd,Female,Child,Yes
1147,3rd,Female,Child,Yes
1148,3rd,Female,Child,Yes
1149,3rd,Female,Child,Yes
1150,3rd,Female,Child,Yes
1151,3rd,Female,Child,Yes
1152,3rd,Female,Adult,No
1153,3rd,Female,Adult,No
1154,3rd,Female,Adult,No
1155,3rd,Female,Adult,No
1156,3rd,Female,Adult,No
1157,3rd,Female,Adult,No
1158,3rd,Female,Adult,No
1159,3rd,Female,Adult,No
1160,3rd,Female,Adult,No
1161,3rd,Female,Adult,No
1162,3rd,Female,Adult,No
1163,3rd,Female,Adult,No
1164,3rd,Female,Adult,No
1165,3rd,Female,Adult,No
1166,3rd,Female,Adult,No
1167,3rd,Female,Adult,No
1168,3rd,Female,Adult,No
1169,3rd,Female,Adult,No
1170,3rd,Female,Adult,No
1171,3rd,Female,Adult,No
1172,3rd,Female,Adult,No
1173,3rd,Female,Adult,No
1174,3rd,Female,Adult,No
1175,3rd,Female,Adult,No
1176,3rd,Female,Adult,No
1177,3rd,Female,Adult,No
1178,3rd,Female,Adult,No
1179,3rd,Female,Adult,No
1180,3rd,Female,Adult,No
1181,3rd,Female,Adult,No
1182,3rd,Female,Adult,No
1183,3rd,Female,Adult,No
1184,3rd,Female,Adult,No
1185,3rd,Female,Adult,No
1186,3rd,Female,Adult,No
1187,3rd,Female,Adult,No
1188,3rd,Female,Adult,No
1189,3rd,Female,Adult,No
1190,3rd,Female,Adult,No
1191,3rd,Female,Adult,No
1192,3rd,Female,Adult,No
1193,3rd,Female,Adult,No
1194,3rd,Female,Adult,No
1195,3rd,Female,Adult,No
1196,3rd,Female,Adult,No
1197,3rd,Female,Adult,No
1198,3rd,Female,Adult,No
1199,3rd,Female,Adult,No
1200,3rd,Female,Adult,No
1201,3rd,Female,Adult,No
1202,3rd,Female,Adult,No
1203,3rd,Female,Adult,No
1204,3rd,Female,Adult,No
1205,3rd,Female,Adult,No
1206,3rd,Female,Adult,No
1207,3rd,Female,Adult,No
1208,3rd,Female,Adult,No
1209,3rd,Female,Adult,No
1210,3rd,Female,Adult,No
1211,3rd,Female,Adult,No
1212,3rd,Female,Adult,No
1213,3rd,Female,Adult,No
1214,3rd,Female,Adult,No
1215,3rd,Female,Adult,No
1216,3rd,Female,Adult,No
1217,3rd,Female,Adult,No
1218,3rd,Female,Adult,No
1219,3rd,Female,Adult,No
1220,3rd,Female,Adult,No
1221,3rd,Female,Adult,No
1222,3rd,Female,Adult,No
1223,3rd,Female,Adult,No
1224,3rd,Female,Adult,No
1225,3rd,Female,Adult,No
1226,3rd,Female,Adult,No
1227,3rd,Female,Adult,No
1228,3rd,Female,Adult,No
1229,3rd,Female,Adult,No
1230,3rd,Female,Adult,No
1231,3rd,Female,Adult,No
1232,3rd,Female,Adult,No
1233,3rd,Female,Adult,No
1234,3rd,Female,Adult,No
1235,3rd,Female,Adult,No
1236,3rd,Female,Adult,No
1237,3rd,Female,Adult,No
1238,3rd,Female,Adult,No
1239,3rd,Female,Adult,No
1240,3rd,Female,Adult,No
1241,3rd,Female,Adult,Yes
1242,3rd,Female,Adult,Yes
1243,3rd,Female,Adult,Yes
1244,3rd,Female,Adult,Yes
1245,3rd,Female,Adult,Yes
1246,3rd,Female,Adult,Yes
1247,3rd,Female,Adult,Yes
1248,3rd,Female,Adult,Yes
1249,3rd,Female,Adult,Yes
1250,3rd,Female,Adult,Yes
1251,3rd,Female,Adult,Yes
1252,3rd,Female,Adult,Yes
1253,3rd,Female,Adult,Yes
1254,3rd,Female,Adult,Yes
1255,3rd,Female,Adult,Yes
1256,3rd,Female,Adult,Yes
1257,3rd,Female,Adult,Yes
1258,3rd,Female,Adult,Yes
1259,3rd,Female,Adult,Yes
1260,3rd,Female,Adult,Yes
1261,3rd,Female,Adult,Yes
1262,3rd,Female,Adult,Yes
1263,3rd,Female,Adult,Yes
1264,3rd,Female,Adult,Yes
1265,3rd,Female,Adult,Yes
1266,3rd,Female,Adult,Yes
1267,3rd,Female,Adult,Yes
1268,3rd,Female,Adult,Yes
1269,3rd,Female,Adult,Yes
1270,3rd,Female,Adult,Yes
1271,3rd,Female,Adult,Yes
1272,3rd,Female,Adult,Yes
1273,3rd,Female,Adult,Yes
1274,3rd,Female,Adult,Yes
1275,3rd,Female,Adult,Yes
1276,3rd,Female,Adult,Yes
1277,3rd,Female,Adult,Yes
1278,3rd,Female,Adult,Yes
1279,3rd,Female,Adult,Yes
1280,3rd,Female,Adult,Yes
1281,3rd,Female,Adult,Yes
1282,3rd,Female,Adult,Yes
1283,3rd,Female,Adult,Yes
1284,3rd,Female,Adult,Yes
1285,3rd,Female,Adult,Yes
1286,3rd,Female,Adult,Yes
1287,3rd,Female,Adult,Yes
1288,3rd,Female,Adult,Yes
1289,3rd,Female,Adult,Yes
1290,3rd,Female,Adult,Yes
1291,3rd,Female,Adult,Yes
1292,3rd,Female,Adult,Yes
1293,3rd,Female,Adult,Yes
1294,3rd,Female,Adult,Yes
1295,3rd,Female,Adult,Yes
1296,3rd,Female,Adult,Yes
1297,3rd,Female,Adult,Yes
1298,3rd,Female,Adult,Yes
1299,3rd,Female,Adult,Yes
1300,3rd,Female,Adult,Yes
1301,3rd,Female,Adult,Yes
1302,3rd,Female,Adult,Yes
1303,3rd,Female,Adult,Yes
1304,3rd,Female,Adult,Yes
1305,3rd,Female,Adult,Yes
1306,3rd,Female,Adult,Yes
1307,3rd,Female,Adult,Yes
1308,3rd,Female,Adult,Yes
1309,3rd,Female,Adult,Yes
1310,3rd,Female,Adult,Yes
1311,3rd,Female,Adult,Yes
1312,3rd,Female,Adult,Yes
1313,3rd,Female,Adult,Yes
1314,3rd,Female,Adult,Yes
1315,3rd,Female,Adult,Yes
1316,3rd,Female,Adult,Yes
1317,Crew,Male,Adult,No
1318,Crew,Male,Adult,No
1319,Crew,Male,Adult,No
1320,Crew,Male,Adult,No
1321,Crew,Male,Adult,No
1322,Crew,Male,Adult,No
1323,Crew,Male,Adult,No
1324,Crew,Male,Adult,No
1325,Crew,Male,Adult,No
1326,Crew,Male,Adult,No
1327,Crew,Male,Adult,No
1328,Crew,Male,Adult,No
1329,Crew,Male,Adult,No
1330,Crew,Male,Adult,No
1331,Crew,Male,Adult,No
1332,Crew,Male,Adult,No
1333,Crew,Male,Adult,No
1334,Crew,Male,Adult,No
1335,Crew,Male,Adult,No
1336,Crew,Male,Adult,No
1337,Crew,Male,Adult,No
1338,Crew,Male,Adult,No
1339,Crew,Male,Adult,No
1340,Crew,Male,Adult,No
1341,Crew,Male,Adult,No
1342,Crew,Male,Adult,No
1343,Crew,Male,Adult,No
1344,Crew,Male,Adult,No
1345,Crew,Male,Adult,No
1346,Crew,Male,Adult,No
1347,Crew,Male,Adult,No
1348,Crew,Male,Adult,No
1349,Crew,Male,Adult,No
1350,Crew,Male,Adult,No
1351,Crew,Male,Adult,No
1352,Crew,Male,Adult,No
1353,Crew,Male,Adult,No
1354,Crew,Male,Adult,No
1355,Crew,Male,Adult,No
1356,Crew,Male,Adult,No
1357,Crew,Male,Adult,No
1358,Crew,Male,Adult,No
1359,Crew,Male,Adult,No
1360,Crew,Male,Adult,No
1361,Crew,Male,Adult,No
1362,Crew,Male,Adult,No
1363,Crew,Male,Adult,No
1364,Crew,Male,Adult,No
1365,Crew,Male,Adult,No
1366,Crew,Male,Adult,No
1367,Crew,Male,Adult,No
1368,Crew,Male,Adult,No
1369,Crew,Male,Adult,No
1370,Crew,Male,Adult,No
1371,Crew,Male,Adult,No
1372,Crew,Male,Adult,No
1373,Crew,Male,Adult,No
1374,Crew,Male,Adult,No
1375,Crew,Male,Adult,No
1376,Crew,Male,Adult,No
1377,Crew,Male,Adult,No
1378,Crew,Male,Adult,No
1379,Crew,Male,Adult,No
1380,Crew,Male,Adult,No
1381,Crew,Male,Adult,No
1382,Crew,Male,Adult,No
1383,Crew,Male,Adult,No
1384,Crew,Male,Adult,No
1385,Crew,Male,Adult,No
1386,Crew,Male,Adult,No
1387,Crew,Male,Adult,No
1388,Crew,Male,Adult,No
1389,Crew,Male,Adult,No
1390,Crew,Male,Adult,No
1391,Crew,Male,Adult,No
1392,Crew,Male,Adult,No
1393,Crew,Male,Adult,No
1394,Crew,Male,Adult,No
1395,Crew,Male,Adult,No
1396,Crew,Male,Adult,No
1397,Crew,Male,Adult,No
1398,Crew,Male,Adult,No
1399,Crew,Male,Adult,No
1400,Crew,Male,Adult,No
1401,Crew,Male,Adult,No
1402,Crew,Male,Adult,No
1403,Crew,Male,Adult,No
1404,Crew,Male,Adult,No
1405,Crew,Male,Adult,No
1406,Crew,Male,Adult,No
1407,Crew,Male,Adult,No
1408,Crew,Male,Adult,No
1409,Crew,Male,Adult,No
1410,Crew,Male,Adult,No
1411,Crew,Male,Adult,No
1412,Crew,Male,Adult,No
1413,Crew,Male,Adult,No
1414,Crew,Male,Adult,No
1415,Crew,Male,Adult,No
1416,Crew,Male,Adult,No
1417,Crew,Male,Adult,No
1418,Crew,Male,Adult,No
1419,Crew,Male,Adult,No
1420,Crew,Male,Adult,No
1421,Crew,Male,Adult,No
1422,Crew,Male,Adult,No
1423,Crew,Male,Adult,No
1424,Crew,Male,Adult,No
1425,Crew,Male,Adult,No
1426,Crew,Male,Adult,No
1427,Crew,Male,Adult,No
1428,Crew,Male,Adult,No
1429,Crew,Male,Adult,No
1430,Crew,Male,Adult,No
1431,Crew,Male,Adult,No
1432,Crew,Male,Adult,No
1433,Crew,Male,Adult,No
1434,Crew,Male,Adult,No
1435,Crew,Male,Adult,No
1436,Crew,Male,Adult,No
1437,Crew,Male,Adult,No
1438,Crew,Male,Adult,No
1439,Crew,Male,Adult,No
1440,Crew,Male,Adult,No
1441,Crew,Male,Adult,No
1442,Crew,Male,Adult,No
1443,Crew,Male,Adult,No
1444,Crew,Male,Adult,No
1445,Crew,Male,Adult,No
1446,Crew,Male,Adult,No
1447,Crew,Male,Adult,No
1448,Crew,Male,Adult,No
1449,Crew,Male,Adult,No
1450,Crew,Male,Adult,No
1451,Crew,Male,Adult,No
1452,Crew,Male,Adult,No
1453,Crew,Male,Adult,No
1454,Crew,Male,Adult,No
1455,Crew,Male,Adult,No
1456,Crew,Male,Adult,No
1457,Crew,Male,Adult,No
1458,Crew,Male,Adult,No
1459,Crew,Male,Adult,No
1460,Crew,Male,Adult,No
1461,Crew,Male,Adult,No
1462,Crew,Male,Adult,No
1463,Crew,Male,Adult,No
1464,Crew,Male,Adult,No
1465,Crew,Male,Adult,No
1466,Crew,Male,Adult,No
1467,Crew,Male,Adult,No
1468,Crew,Male,Adult,No
1469,Crew,Male,Adult,No
1470,Crew,Male,Adult,No
1471,Crew,Male,Adult,No
1472,Crew,Male,Adult,No
1473,Crew,Male,Adult,No
1474,Crew,Male,Adult,No
1475,Crew,Male,Adult,No
1476,Crew,Male,Adult,No
1477,Crew,Male,Adult,No
1478,Crew,Male,Adult,No
1479,Crew,Male,Adult,No
1480,Crew,Male,Adult,No
1481,Crew,Male,Adult,No
1482,Crew,Male,Adult,No
1483,Crew,Male,Adult,No
1484,Crew,Male,Adult,No
1485,Crew,Male,Adult,No
1486,Crew,Male,Adult,No
1487,Crew,Male,Adult,No
1488,Crew,Male,Adult,No
1489,Crew,Male,Adult,No
1490,Crew,Male,Adult,No
1491,Crew,Male,Adult,No
1492,Crew,Male,Adult,No
1493,Crew,Male,Adult,No
1494,Crew,Male,Adult,No
1495,Crew,Male,Adult,No
1496,Crew,Male,Adult,No
1497,Crew,Male,Adult,No
1498,Crew,Male,Adult,No
1499,Crew,Male,Adult,No
1500,Crew,Male,Adult,No
1501,Crew,Male,Adult,No
1502,Crew,Male,Adult,No
1503,Crew,Male,Adult,No
1504,Crew,Male,Adult,No
1505,Crew,Male,Adult,No
1506,Crew,Male,Adult,No
1507,Crew,Male,Adult,No
1508,Crew,Male,Adult,No
1509,Crew,Male,Adult,No
1510,Crew,Male,Adult,No
1511,Crew,Male,Adult,No
1512,Crew,Male,Adult,No
1513,Crew,Male,Adult,No
1514,Crew,Male,Adult,No
1515,Crew,Male,Adult,No
1516,Crew,Male,Adult,No
1517,Crew,Male,Adult,No
1518,Crew,Male,Adult,No
1519,Crew,Male,Adult,No
1520,Crew,Male,Adult,No
1521,Crew,Male,Adult,No
1522,Crew,Male,Adult,No
1523,Crew,Male,Adult,No
1524,Crew,Male,Adult,No
1525,Crew,Male,Adult,No
1526,Crew,Male,Adult,No
1527,Crew,Male,Adult,No
1528,Crew,Male,Adult,No
1529,Crew,Male,Adult,No
1530,Crew,Male,Adult,No
1531,Crew,Male,Adult,No
1532,Crew,Male,Adult,No
1533,Crew,Male,Adult,No
1534,Crew,Male,Adult,No
1535,Crew,Male,Adult,No
1536,Crew,Male,Adult,No
1537,Crew,Male,Adult,No
1538,Crew,Male,Adult,No
1539,Crew,Male,Adult,No
1540,Crew,Male,Adult,No
1541,Crew,Male,Adult,No
1542,Crew,Male,Adult,No
1543,Crew,Male,Adult,No
1544,Crew,Male,Adult,No
1545,Crew,Male,Adult,No
1546,Crew,Male,Adult,No
1547,Crew,Male,Adult,No
1548,Crew,Male,Adult,No
1549,Crew,Male,Adult,No
1550,Crew,Male,Adult,No
1551,Crew,Male,Adult,No
1552,Crew,Male,Adult,No
1553,Crew,Male,Adult,No
1554,Crew,Male,Adult,No
1555,Crew,Male,Adult,No
1556,Crew,Male,Adult,No
1557,Crew,Male,Adult,No
1558,Crew,Male,Adult,No
1559,Crew,Male,Adult,No
1560,Crew,Male,Adult,No
1561,Crew,Male,Adult,No
1562,Crew,Male,Adult,No
1563,Crew,Male,Adult,No
1564,Crew,Male,Adult,No
1565,Crew,Male,Adult,No
1566,Crew,Male,Adult,No
1567,Crew,Male,Adult,No
1568,Crew,Male,Adult,No
1569,Crew,Male,Adult,No
1570,Crew,Male,Adult,No
1571,Crew,Male,Adult,No
1572,Crew,Male,Adult,No
1573,Crew,Male,Adult,No
1574,Crew,Male,Adult,No
1575,Crew,Male,Adult,No
1576,Crew,Male,Adult,No
1577,Crew,Male,Adult,No
1578,Crew,Male,Adult,No
1579,Crew,Male,Adult,No
1580,Crew,Male,Adult,No
1581,Crew,Male,Adult,No
1582,Crew,Male,Adult,No
1583,Crew,Male,Adult,No
1584,Crew,Male,Adult,No
1585,Crew,Male,Adult,No
1586,Crew,Male,Adult,No
1587,Crew,Male,Adult,No
1588,Crew,Male,Adult,No
1589,Crew,Male,Adult,No
1590,Crew,Male,Adult,No
1591,Crew,Male,Adult,No
1592,Crew,Male,Adult,No
1593,Crew,Male,Adult,No
1594,Crew,Male,Adult,No
1595,Crew,Male,Adult,No
1596,Crew,Male,Adult,No
1597,Crew,Male,Adult,No
1598,Crew,Male,Adult,No
1599,Crew,Male,Adult,No
1600,Crew,Male,Adult,No
1601,Crew,Male,Adult,No
1602,Crew,Male,Adult,No
1603,Crew,Male,Adult,No
1604,Crew,Male,Adult,No
1605,Crew,Male,Adult,No
1606,Crew,Male,Adult,No
1607,Crew,Male,Adult,No
1608,Crew,Male,Adult,No
1609,Crew,Male,Adult,No
1610,Crew,Male,Adult,No
1611,Crew,Male,Adult,No
1612,Crew,Male,Adult,No
1613,Crew,Male,Adult,No
1614,Crew,Male,Adult,No
1615,Crew,Male,Adult,No
1616,Crew,Male,Adult,No
1617,Crew,Male,Adult,No
1618,Crew,Male,Adult,No
1619,Crew,Male,Adult,No
1620,Crew,Male,Adult,No
1621,Crew,Male,Adult,No
1622,Crew,Male,Adult,No
1623,Crew,Male,Adult,No
1624,Crew,Male,Adult,No
1625,Crew,Male,Adult,No
1626,Crew,Male,Adult,No
1627,Crew,Male,Adult,No
1628,Crew,Male,Adult,No
1629,Crew,Male,Adult,No
1630,Crew,Male,Adult,No
1631,Crew,Male,Adult,No
1632,Crew,Male,Adult,No
1633,Crew,Male,Adult,No
1634,Crew,Male,Adult,No
1635,Crew,Male,Adult,No
1636,Crew,Male,Adult,No
1637,Crew,Male,Adult,No
1638,Crew,Male,Adult,No
1639,Crew,Male,Adult,No
1640,Crew,Male,Adult,No
1641,Crew,Male,Adult,No
1642,Crew,Male,Adult,No
1643,Crew,Male,Adult,No
1644,Crew,Male,Adult,No
1645,Crew,Male,Adult,No
1646,Crew,Male,Adult,No
1647,Crew,Male,Adult,No
1648,Crew,Male,Adult,No
1649,Crew,Male,Adult,No
1650,Crew,Male,Adult,No
1651,Crew,Male,Adult,No
1652,Crew,Male,Adult,No
1653,Crew,Male,Adult,No
1654,Crew,Male,Adult,No
1655,Crew,Male,Adult,No
1656,Crew,Male,Adult,No
1657,Crew,Male,Adult,No
1658,Crew,Male,Adult,No
1659,Crew,Male,Adult,No
1660,Crew,Male,Adult,No
1661,Crew,Male,Adult,No
1662,Crew,Male,Adult,No
1663,Crew,Male,Adult,No
1664,Crew,Male,Adult,No
1665,Crew,Male,Adult,No
1666,Crew,Male,Adult,No
1667,Crew,Male,Adult,No
1668,Crew,Male,Adult,No
1669,Crew,Male,Adult,No
1670,Crew,Male,Adult,No
1671,Crew,Male,Adult,No
1672,Crew,Male,Adult,No
1673,Crew,Male,Adult,No
1674,Crew,Male,Adult,No
1675,Crew,Male,Adult,No
1676,Crew,Male,Adult,No
1677,Crew,Male,Adult,No
1678,Crew,Male,Adult,No
1679,Crew,Male,Adult,No
1680,Crew,Male,Adult,No
1681,Crew,Male,Adult,No
1682,Crew,Male,Adult,No
1683,Crew,Male,Adult,No
1684,Crew,Male,Adult,No
1685,Crew,Male,Adult,No
1686,Crew,Male,Adult,No
1687,Crew,Male,Adult,No
1688,Crew,Male,Adult,No
1689,Crew,Male,Adult,No
1690,Crew,Male,Adult,No
1691,Crew,Male,Adult,No
1692,Crew,Male,Adult,No
1693,Crew,Male,Adult,No
1694,Crew,Male,Adult,No
1695,Crew,Male,Adult,No
1696,Crew,Male,Adult,No
1697,Crew,Male,Adult,No
1698,Crew,Male,Adult,No
1699,Crew,Male,Adult,No
1700,Crew,Male,Adult,No
1701,Crew,Male,Adult,No
1702,Crew,Male,Adult,No
1703,Crew,Male,Adult,No
1704,Crew,Male,Adult,No
1705,Crew,Male,Adult,No
1706,Crew,Male,Adult,No
1707,Crew,Male,Adult,No
1708,Crew,Male,Adult,No
1709,Crew,Male,Adult,No
1710,Crew,Male,Adult,No
1711,Crew,Male,Adult,No
1712,Crew,Male,Adult,No
1713,Crew,Male,Adult,No
1714,Crew,Male,Adult,No
1715,Crew,Male,Adult,No
1716,Crew,Male,Adult,No
1717,Crew,Male,Adult,No
1718,Crew,Male,Adult,No
1719,Crew,Male,Adult,No
1720,Crew,Male,Adult,No
1721,Crew,Male,Adult,No
1722,Crew,Male,Adult,No
1723,Crew,Male,Adult,No
1724,Crew,Male,Adult,No
1725,Crew,Male,Adult,No
1726,Crew,Male,Adult,No
1727,Crew,Male,Adult,No
1728,Crew,Male,Adult,No
1729,Crew,Male,Adult,No
1730,Crew,Male,Adult,No
1731,Crew,Male,Adult,No
1732,Crew,Male,Adult,No
1733,Crew,Male,Adult,No
1734,Crew,Male,Adult,No
1735,Crew,Male,Adult,No
1736,Crew,Male,Adult,No
1737,Crew,Male,Adult,No
1738,Crew,Male,Adult,No
1739,Crew,Male,Adult,No
1740,Crew,Male,Adult,No
1741,Crew,Male,Adult,No
1742,Crew,Male,Adult,No
1743,Crew,Male,Adult,No
1744,Crew,Male,Adult,No
1745,Crew,Male,Adult,No
1746,Crew,Male,Adult,No
1747,Crew,Male,Adult,No
1748,Crew,Male,Adult,No
1749,Crew,Male,Adult,No
1750,Crew,Male,Adult,No
1751,Crew,Male,Adult,No
1752,Crew,Male,Adult,No
1753,Crew,Male,Adult,No
1754,Crew,Male,Adult,No
1755,Crew,Male,Adult,No
1756,Crew,Male,Adult,No
1757,Crew,Male,Adult,No
1758,Crew,Male,Adult,No
1759,Crew,Male,Adult,No
1760,Crew,Male,Adult,No
1761,Crew,Male,Adult,No
1762,Crew,Male,Adult,No
1763,Crew,Male,Adult,No
1764,Crew,Male,Adult,No
1765,Crew,Male,Adult,No
1766,Crew,Male,Adult,No
1767,Crew,Male,Adult,No
1768,Crew,Male,Adult,No
1769,Crew,Male,Adult,No
1770,Crew,Male,Adult,No
1771,Crew,Male,Adult,No
1772,Crew,Male,Adult,No
1773,Crew,Male,Adult,No
1774,Crew,Male,Adult,No
1775,Crew,Male,Adult,No
1776,Crew,Male,Adult,No
1777,Crew,Male,Adult,No
1778,Crew,Male,Adult,No
1779,Crew,Male,Adult,No
1780,Crew,Male,Adult,No
1781,Crew,Male,Adult,No
1782,Crew,Male,Adult,No
1783,Crew,Male,Adult,No
1784,Crew,Male,Adult,No
1785,Crew,Male,Adult,No
1786,Crew,Male,Adult,No
1787,Crew,Male,Adult,No
1788,Crew,Male,Adult,No
1789,Crew,Male,Adult,No
1790,Crew,Male,Adult,No
1791,Crew,Male,Adult,No
1792,Crew,Male,Adult,No
1793,Crew,Male,Adult,No
1794,Crew,Male,Adult,No
1795,Crew,Male,Adult,No
1796,Crew,Male,Adult,No
1797,Crew,Male,Adult,No
1798,Crew,Male,Adult,No
1799,Crew,Male,Adult,No
1800,Crew,Male,Adult,No
1801,Crew,Male,Adult,No
1802,Crew,Male,Adult,No
1803,Crew,Male,Adult,No
1804,Crew,Male,Adult,No
1805,Crew,Male,Adult,No
1806,Crew,Male,Adult,No
1807,Crew,Male,Adult,No
1808,Crew,Male,Adult,No
1809,Crew,Male,Adult,No
1810,Crew,Male,Adult,No
1811,Crew,Male,Adult,No
1812,Crew,Male,Adult,No
1813,Crew,Male,Adult,No
1814,Crew,Male,Adult,No
1815,Crew,Male,Adult,No
1816,Crew,Male,Adult,No
1817,Crew,Male,Adult,No
1818,Crew,Male,Adult,No
1819,Crew,Male,Adult,No
1820,Crew,Male,Adult,No
1821,Crew,Male,Adult,No
1822,Crew,Male,Adult,No
1823,Crew,Male,Adult,No
1824,Crew,Male,Adult,No
1825,Crew,Male,Adult,No
1826,Crew,Male,Adult,No
1827,Crew,Male,Adult,No
1828,Crew,Male,Adult,No
1829,Crew,Male,Adult,No
1830,Crew,Male,Adult,No
1831,Crew,Male,Adult,No
1832,Crew,Male,Adult,No
1833,Crew,Male,Adult,No
1834,Crew,Male,Adult,No
1835,Crew,Male,Adult,No
1836,Crew,Male,Adult,No
1837,Crew,Male,Adult,No
1838,Crew,Male,Adult,No
1839,Crew,Male,Adult,No
1840,Crew,Male,Adult,No
1841,Crew,Male,Adult,No
1842,Crew,Male,Adult,No
1843,Crew,Male,Adult,No
1844,Crew,Male,Adult,No
1845,Crew,Male,Adult,No
1846,Crew,Male,Adult,No
1847,Crew,Male,Adult,No
1848,Crew,Male,Adult,No
1849,Crew,Male,Adult,No
1850,Crew,Male,Adult,No
1851,Crew,Male,Adult,No
1852,Crew,Male,Adult,No
1853,Crew,Male,Adult,No
1854,Crew,Male,Adult,No
1855,Crew,Male,Adult,No
1856,Crew,Male,Adult,No
1857,Crew,Male,Adult,No
1858,Crew,Male,Adult,No
1859,Crew,Male,Adult,No
1860,Crew,Male,Adult,No
1861,Crew,Male,Adult,No
1862,Crew,Male,Adult,No
1863,Crew,Male,Adult,No
1864,Crew,Male,Adult,No
1865,Crew,Male,Adult,No
1866,Crew,Male,Adult,No
1867,Crew,Male,Adult,No
1868,Crew,Male,Adult,No
1869,Crew,Male,Adult,No
1870,Crew,Male,Adult,No
1871,Crew,Male,Adult,No
1872,Crew,Male,Adult,No
1873,Crew,Male,Adult,No
1874,Crew,Male,Adult,No
1875,Crew,Male,Adult,No
1876,Crew,Male,Adult,No
1877,Crew,Male,Adult,No
1878,Crew,Male,Adult,No
1879,Crew,Male,Adult,No
1880,Crew,Male,Adult,No
1881,Crew,Male,Adult,No
1882,Crew,Male,Adult,No
1883,Crew,Male,Adult,No
1884,Crew,Male,Adult,No
1885,Crew,Male,Adult,No
1886,Crew,Male,Adult,No
1887,Crew,Male,Adult,No
1888,Crew,Male,Adult,No
1889,Crew,Male,Adult,No
1890,Crew,Male,Adult,No
1891,Crew,Male,Adult,No
1892,Crew,Male,Adult,No
1893,Crew,Male,Adult,No
1894,Crew,Male,Adult,No
1895,Crew,Male,Adult,No
1896,Crew,Male,Adult,No
1897,Crew,Male,Adult,No
1898,Crew,Male,Adult,No
1899,Crew,Male,Adult,No
1900,Crew,Male,Adult,No
1901,Crew,Male,Adult,No
1902,Crew,Male,Adult,No
1903,Crew,Male,Adult,No
1904,Crew,Male,Adult,No
1905,Crew,Male,Adult,No
1906,Crew,Male,Adult,No
1907,Crew,Male,Adult,No
1908,Crew,Male,Adult,No
1909,Crew,Male,Adult,No
1910,Crew,Male,Adult,No
1911,Crew,Male,Adult,No
1912,Crew,Male,Adult,No
1913,Crew,Male,Adult,No
1914,Crew,Male,Adult,No
1915,Crew,Male,Adult,No
1916,Crew,Male,Adult,No
1917,Crew,Male,Adult,No
1918,Crew,Male,Adult,No
1919,Crew,Male,Adult,No
1920,Crew,Male,Adult,No
1921,Crew,Male,Adult,No
1922,Crew,Male,Adult,No
1923,Crew,Male,Adult,No
1924,Crew,Male,Adult,No
1925,Crew,Male,Adult,No
1926,Crew,Male,Adult,No
1927,Crew,Male,Adult,No
1928,Crew,Male,Adult,No
1929,Crew,Male,Adult,No
1930,Crew,Male,Adult,No
1931,Crew,Male,Adult,No
1932,Crew,Male,Adult,No
1933,Crew,Male,Adult,No
1934,Crew,Male,Adult,No
1935,Crew,Male,Adult,No
1936,Crew,Male,Adult,No
1937,Crew,Male,Adult,No
1938,Crew,Male,Adult,No
1939,Crew,Male,Adult,No
1940,Crew,Male,Adult,No
1941,Crew,Male,Adult,No
1942,Crew,Male,Adult,No
1943,Crew,Male,Adult,No
1944,Crew,Male,Adult,No
1945,Crew,Male,Adult,No
1946,Crew,Male,Adult,No
1947,Crew,Male,Adult,No
1948,Crew,Male,Adult,No
1949,Crew,Male,Adult,No
1950,Crew,Male,Adult,No
1951,Crew,Male,Adult,No
1952,Crew,Male,Adult,No
1953,Crew,Male,Adult,No
1954,Crew,Male,Adult,No
1955,Crew,Male,Adult,No
1956,Crew,Male,Adult,No
1957,Crew,Male,Adult,No
1958,Crew,Male,Adult,No
1959,Crew,Male,Adult,No
1960,Crew,Male,Adult,No
1961,Crew,Male,Adult,No
1962,Crew,Male,Adult,No
1963,Crew,Male,Adult,No
1964,Crew,Male,Adult,No
1965,Crew,Male,Adult,No
1966,Crew,Male,Adult,No
1967,Crew,Male,Adult,No
1968,Crew,Male,Adult,No
1969,Crew,Male,Adult,No
1970,Crew,Male,Adult,No
1971,Crew,Male,Adult,No
1972,Crew,Male,Adult,No
1973,Crew,Male,Adult,No
1974,Crew,Male,Adult,No
1975,Crew,Male,Adult,No
1976,Crew,Male,Adult,No
1977,Crew,Male,Adult,No
1978,Crew,Male,Adult,No
1979,Crew,Male,Adult,No
1980,Crew,Male,Adult,No
1981,Crew,Male,Adult,No
1982,Crew,Male,Adult,No
1983,Crew,Male,Adult,No
1984,Crew,Male,Adult,No
1985,Crew,Male,Adult,No
1986,Crew,Male,Adult,No
1987,Crew,Male,Adult,Yes
1988,Crew,Male,Adult,Yes
1989,Crew,Male,Adult,Yes
1990,Crew,Male,Adult,Yes
1991,Crew,Male,Adult,Yes
1992,Crew,Male,Adult,Yes
1993,Crew,Male,Adult,Yes
1994,Crew,Male,Adult,Yes
1995,Crew,Male,Adult,Yes
1996,Crew,Male,Adult,Yes
1997,Crew,Male,Adult,Yes
1998,Crew,Male,Adult,Yes
1999,Crew,Male,Adult,Yes
2000,Crew,Male,Adult,Yes
2001,Crew,Male,Adult,Yes
2002,Crew,Male,Adult,Yes
2003,Crew,Male,Adult,Yes
2004,Crew,Male,Adult,Yes
2005,Crew,Male,Adult,Yes
2006,Crew,Male,Adult,Yes
2007,Crew,Male,Adult,Yes
2008,Crew,Male,Adult,Yes
2009,Crew,Male,Adult,Yes
2010,Crew,Male,Adult,Yes
2011,Crew,Male,Adult,Yes
2012,Crew,Male,Adult,Yes
2013,Crew,Male,Adult,Yes
2014,Crew,Male,Adult,Yes
2015,Crew,Male,Adult,Yes
2016,Crew,Male,Adult,Yes
2017,Crew,Male,Adult,Yes
2018,Crew,Male,Adult,Yes
2019,Crew,Male,Adult,Yes
2020,Crew,Male,Adult,Yes
2021,Crew,Male,Adult,Yes
2022,Crew,Male,Adult,Yes
2023,Crew,Male,Adult,Yes
2024,Crew,Male,Adult,Yes
2025,Crew,Male,Adult,Yes
2026,Crew,Male,Adult,Yes
2027,Crew,Male,Adult,Yes
2028,Crew,Male,Adult,Yes
2029,Crew,Male,Adult,Yes
2030,Crew,Male,Adult,Yes
2031,Crew,Male,Adult,Yes
2032,Crew,Male,Adult,Yes
2033,Crew,Male,Adult,Yes
2034,Crew,Male,Adult,Yes
2035,Crew,Male,Adult,Yes
2036,Crew,Male,Adult,Yes
2037,Crew,Male,Adult,Yes
2038,Crew,Male,Adult,Yes
2039,Crew,Male,Adult,Yes
2040,Crew,Male,Adult,Yes
2041,Crew,Male,Adult,Yes
2042,Crew,Male,Adult,Yes
2043,Crew,Male,Adult,Yes
2044,Crew,Male,Adult,Yes
2045,Crew,Male,Adult,Yes
2046,Crew,Male,Adult,Yes
2047,Crew,Male,Adult,Yes
2048,Crew,Male,Adult,Yes
2049,Crew,Male,Adult,Yes
2050,Crew,Male,Adult,Yes
2051,Crew,Male,Adult,Yes
2052,Crew,Male,Adult,Yes
2053,Crew,Male,Adult,Yes
2054,Crew,Male,Adult,Yes
2055,Crew,Male,Adult,Yes
2056,Crew,Male,Adult,Yes
2057,Crew,Male,Adult,Yes
2058,Crew,Male,Adult,Yes
2059,Crew,Male,Adult,Yes
2060,Crew,Male,Adult,Yes
2061,Crew,Male,Adult,Yes
2062,Crew,Male,Adult,Yes
2063,Crew,Male,Adult,Yes
2064,Crew,Male,Adult,Yes
2065,Crew,Male,Adult,Yes
2066,Crew,Male,Adult,Yes
2067,Crew,Male,Adult,Yes
2068,Crew,Male,Adult,Yes
2069,Crew,Male,Adult,Yes
2070,Crew,Male,Adult,Yes
2071,Crew,Male,Adult,Yes
2072,Crew,Male,Adult,Yes
2073,Crew,Male,Adult,Yes
2074,Crew,Male,Adult,Yes
2075,Crew,Male,Adult,Yes
2076,Crew,Male,Adult,Yes
2077,Crew,Male,Adult,Yes
2078,Crew,Male,Adult,Yes
2079,Crew,Male,Adult,Yes
2080,Crew,Male,Adult,Yes
2081,Crew,Male,Adult,Yes
2082,Crew,Male,Adult,Yes
2083,Crew,Male,Adult,Yes
2084,Crew,Male,Adult,Yes
2085,Crew,Male,Adult,Yes
2086,Crew,Male,Adult,Yes
2087,Crew,Male,Adult,Yes
2088,Crew,Male,Adult,Yes
2089,Crew,Male,Adult,Yes
2090,Crew,Male,Adult,Yes
2091,Crew,Male,Adult,Yes
2092,Crew,Male,Adult,Yes
2093,Crew,Male,Adult,Yes
2094,Crew,Male,Adult,Yes
2095,Crew,Male,Adult,Yes
2096,Crew,Male,Adult,Yes
2097,Crew,Male,Adult,Yes
2098,Crew,Male,Adult,Yes
2099,Crew,Male,Adult,Yes
2100,Crew,Male,Adult,Yes
2101,Crew,Male,Adult,Yes
2102,Crew,Male,Adult,Yes
2103,Crew,Male,Adult,Yes
2104,Crew,Male,Adult,Yes
2105,Crew,Male,Adult,Yes
2106,Crew,Male,Adult,Yes
2107,Crew,Male,Adult,Yes
2108,Crew,Male,Adult,Yes
2109,Crew,Male,Adult,Yes
2110,Crew,Male,Adult,Yes
2111,Crew,Male,Adult,Yes
2112,Crew,Male,Adult,Yes
2113,Crew,Male,Adult,Yes
2114,Crew,Male,Adult,Yes
2115,Crew,Male,Adult,Yes
2116,Crew,Male,Adult,Yes
2117,Crew,Male,Adult,Yes
2118,Crew,Male,Adult,Yes
2119,Crew,Male,Adult,Yes
2120,Crew,Male,Adult,Yes
2121,Crew,Male,Adult,Yes
2122,Crew,Male,Adult,Yes
2123,Crew,Male,Adult,Yes
2124,Crew,Male,Adult,Yes
2125,Crew,Male,Adult,Yes
2126,Crew,Male,Adult,Yes
2127,Crew,Male,Adult,Yes
2128,Crew,Male,Adult,Yes
2129,Crew,Male,Adult,Yes
2130,Crew,Male,Adult,Yes
2131,Crew,Male,Adult,Yes
2132,Crew,Male,Adult,Yes
2133,Crew,Male,Adult,Yes
2134,Crew,Male,Adult,Yes
2135,Crew,Male,Adult,Yes
2136,Crew,Male,Adult,Yes
2137,Crew,Male,Adult,Yes
2138,Crew,Male,Adult,Yes
2139,Crew,Male,Adult,Yes
2140,Crew,Male,Adult,Yes
2141,Crew,Male,Adult,Yes
2142,Crew,Male,Adult,Yes
2143,Crew,Male,Adult,Yes
2144,Crew,Male,Adult,Yes
2145,Crew,Male,Adult,Yes
2146,Crew,Male,Adult,Yes
2147,Crew,Male,Adult,Yes
2148,Crew,Male,Adult,Yes
2149,Crew,Male,Adult,Yes
2150,Crew,Male,Adult,Yes
2151,Crew,Male,Adult,Yes
2152,Crew,Male,Adult,Yes
2153,Crew,Male,Adult,Yes
2154,Crew,Male,Adult,Yes
2155,Crew,Male,Adult,Yes
2156,Crew,Male,Adult,Yes
2157,Crew,Male,Adult,Yes
2158,Crew,Male,Adult,Yes
2159,Crew,Male,Adult,Yes
2160,Crew,Male,Adult,Yes
2161,Crew,Male,Adult,Yes
2162,Crew,Male,Adult,Yes
2163,Crew,Male,Adult,Yes
2164,Crew,Male,Adult,Yes
2165,Crew,Male,Adult,Yes
2166,Crew,Male,Adult,Yes
2167,Crew,Male,Adult,Yes
2168,Crew,Male,Adult,Yes
2169,Crew,Male,Adult,Yes
2170,Crew,Male,Adult,Yes
2171,Crew,Male,Adult,Yes
2172,Crew,Male,Adult,Yes
2173,Crew,Male,Adult,Yes
2174,Crew,Male,Adult,Yes
2175,Crew,Male,Adult,Yes
2176,Crew,Male,Adult,Yes
2177,Crew,Male,Adult,Yes
2178,Crew,Male,Adult,Yes
2179,Crew,Female,Adult,No
2180,Crew,Female,Adult,No
2181,Crew,Female,Adult,No
2182,Crew,Female,Adult,Yes
2183,Crew,Female,Adult,Yes
2184,Crew,Female,Adult,Yes
2185,Crew,Female,Adult,Yes
2186,Crew,Female,Adult,Yes
2187,Crew,Female,Adult,Yes
2188,Crew,Female,Adult,Yes
2189,Crew,Female,Adult,Yes
2190,Crew,Female,Adult,Yes
2191,Crew,Female,Adult,Yes
2192,Crew,Female,Adult,Yes
2193,Crew,Female,Adult,Yes
2194,Crew,Female,Adult,Yes
2195,Crew,Female,Adult,Yes
2196,Crew,Female,Adult,Yes
2197,Crew,Female,Adult,Yes
2198,Crew,Female,Adult,Yes
2199,Crew,Female,Adult,Yes
2200,Crew,Female,Adult,Yes
2201,Crew,Female,Adult,Yes
